No,Group,Family,Name_S,Name_C,Endemic,Alien,西元年,Month,Date,Time,Park,Region,X坐標,Y坐標,數量,Investgat
9,兩棲類,赤蛙科,Rana guentheri,貢德氏赤蛙,,,2014,5,18,1514,,新店溪,299379,2768801,2,
12,兩棲類,狹口蛙科,Microhyla ornata,小雨蛙,,,2014,5,15,950,中正橋-華中橋,新店溪,300168,2767228,1,
14,兩棲類,叉舌蛙科,Fejervarya limnocharis,澤蛙,,,2014,5,15,1001,中正橋-華中橋,新店溪,300081,2767292,50,
15,兩棲類,狹口蛙科,Microhyla ornata,小雨蛙,,,2014,5,15,1003,中正橋-華中橋,新店溪,300117,2767292,300,
16,兩棲類,狹口蛙科,Microhyla ornata,小雨蛙,,,2014,5,15,1007,中正橋-華中橋,新店溪,300223,2767285,300,
17,兩棲類,叉舌蛙科,Fejervarya limnocharis,澤蛙,,,2014,5,15,1007,中正橋-華中橋,新店溪,300223,2767285,30,
878,兩棲類,樹蛙科,Rhacophorus taipeianus,台北樹蛙,特有種,,2015,4,23,322,,新店溪,303402,2767034,1,林文琪
19,兩棲類,狹口蛙科,Microhyla ornata,小雨蛙,,,2014,5,16,1905,福和橋-華中橋,新店溪,303748,2766988,3,
20,兩棲類,赤蛙科,Rana guentheri,貢德氏赤蛙,,,2014,5,16,1905,福和橋-華中橋,新店溪,303748,2766988,1,
21,兩棲類,叉舌蛙科,Hoplobatrachus rugulosa,虎皮蛙,,,2014,5,16,1905,福和橋-華中橋,新店溪,303748,2766988,1,
22,兩棲類,叉舌蛙科,Fejervarya limnocharis,澤蛙,,,2014,5,16,1908,福和橋-華中橋,新店溪,303888,2766571,2,
23,兩棲類,狹口蛙科,Microhyla ornata,小雨蛙,,,2014,5,16,1908,福和橋-華中橋,新店溪,303888,2766571,3,
24,兩棲類,狹口蛙科,Microhyla ornata,小雨蛙,,,2014,5,16,1910,福和橋-華中橋,新店溪,304011,2766296,2,
25,兩棲類,叉舌蛙科,Fejervarya limnocharis,澤蛙,,,2014,5,16,1915,福和橋-華中橋,新店溪,303922,2766522,2,
26,兩棲類,叉舌蛙科,Fejervarya limnocharis,澤蛙,,,2014,5,16,1919,福和橋-華中橋,新店溪,303801,2766782,3,
27,兩棲類,狹口蛙科,Microhyla ornata,小雨蛙,,,2014,5,16,1927,福和橋-華中橋,新店溪,303492,2767052,10,
28,兩棲類,叉舌蛙科,Fejervarya limnocharis,澤蛙,,,2014,5,16,1927,福和橋-華中橋,新店溪,303492,2767052,4,
30,兩棲類,蟾蜍科,Duttaphrynus melanosticus,黑眶蟾蜍,,,2014,5,16,1932,福和橋-華中橋,新店溪,303245,2767179,1,
31,兩棲類,叉舌蛙科,Fejervarya limnocharis,澤蛙,,,2014,5,16,1937,福和橋-華中橋,新店溪,303117,2767342,2,
32,兩棲類,蟾蜍科,Duttaphrynus melanosticus,黑眶蟾蜍,,,2014,5,16,1940,福和橋-華中橋,新店溪,302951,2767533,2,
33,兩棲類,狹口蛙科,Microhyla ornata,小雨蛙,,,2014,5,16,1940,福和橋-華中橋,新店溪,302951,2767533,2,
34,兩棲類,蟾蜍科,Duttaphrynus melanosticus,黑眶蟾蜍,,,2014,5,16,1941,福和橋-華中橋,新店溪,302925,2767579,1,
35,兩棲類,狹口蛙科,Microhyla ornata,小雨蛙,,,2014,5,16,1941,福和橋-華中橋,新店溪,302925,2767579,5,
36,兩棲類,叉舌蛙科,Fejervarya limnocharis,澤蛙,,,2014,5,16,1944,福和橋-華中橋,新店溪,302879,2767721,1,
37,兩棲類,狹口蛙科,Microhyla ornata,小雨蛙,,,2014,5,16,1945,福和橋-華中橋,新店溪,302900,2767748,5,
39,兩棲類,叉舌蛙科,Fejervarya limnocharis,澤蛙,,,2014,5,16,1955,福和橋-華中橋,新店溪,302256,2768232,1,
41,兩棲類,狹口蛙科,Microhyla ornata,小雨蛙,,,2014,5,16,2000,福和橋-華中橋,新店溪,301953,2768334,10,
42,兩棲類,叉舌蛙科,Fejervarya limnocharis,澤蛙,,,2014,5,16,2000,福和橋-華中橋,新店溪,301953,2768334,3,
43,兩棲類,蟾蜍科,Duttaphrynus melanosticus,黑眶蟾蜍,,,2014,5,16,2017,福和橋-華中橋,新店溪,300853,2767909,1,
44,兩棲類,狹口蛙科,Microhyla ornata,小雨蛙,,,2014,5,16,2017,福和橋-華中橋,新店溪,300853,2767909,2,
45,兩棲類,狹口蛙科,Microhyla ornata,小雨蛙,,,2014,5,16,2019,福和橋-華中橋,新店溪,300733,2767719,30,
46,兩棲類,叉舌蛙科,Fejervarya limnocharis,澤蛙,,,2014,5,16,2019,福和橋-華中橋,新店溪,300733,2767719,2,
47,兩棲類,狹口蛙科,Microhyla ornata,小雨蛙,,,2014,5,16,2025,福和橋-華中橋,新店溪,300443,2767487,15,
48,兩棲類,叉舌蛙科,Fejervarya limnocharis,澤蛙,,,2014,5,16,2025,福和橋-華中橋,新店溪,300443,2767487,2,
49,兩棲類,蟾蜍科,Duttaphrynus melanosticus,黑眶蟾蜍,,,2014,5,16,2026,福和橋-華中橋,新店溪,300419,2767443,3,
50,兩棲類,狹口蛙科,Microhyla ornata,小雨蛙,,,2014,5,16,2030,福和橋-華中橋,新店溪,300208,2767263,30,
51,兩棲類,叉舌蛙科,Fejervarya limnocharis,澤蛙,,,2014,5,16,2030,福和橋-華中橋,新店溪,300208,2767263,5,
52,兩棲類,狹口蛙科,Microhyla ornata,小雨蛙,,,2014,5,16,2035,福和橋-華中橋,新店溪,300134,2767295,30,
53,兩棲類,叉舌蛙科,Fejervarya limnocharis,澤蛙,,,2014,5,16,2035,福和橋-華中橋,新店溪,300134,2767295,10,
54,兩棲類,赤蛙科,Rana guentheri,貢德氏赤蛙,,,2014,5,16,2035,福和橋-華中橋,新店溪,300134,2767295,1,
55,兩棲類,狹口蛙科,Microhyla ornata,小雨蛙,,,2014,5,16,2038,福和橋-華中橋,新店溪,300225,2767290,10,
56,兩棲類,蟾蜍科,Duttaphrynus melanosticus,黑眶蟾蜍,,,2014,5,16,2039,福和橋-華中橋,新店溪,300250,2767310,1,
57,兩棲類,叉舌蛙科,Fejervarya limnocharis,澤蛙,,,2014,5,16,2042,福和橋-華中橋,新店溪,300293,2767353,2,
58,兩棲類,狹口蛙科,Microhyla ornata,小雨蛙,,,2014,5,16,2042,福和橋-華中橋,新店溪,300293,2767353,10,
59,兩棲類,狹口蛙科,Microhyla ornata,小雨蛙,,,2014,5,16,2046,福和橋-華中橋,新店溪,300421,2767538,10,
60,兩棲類,叉舌蛙科,Fejervarya limnocharis,澤蛙,,,2014,5,16,2049,福和橋-華中橋,新店溪,300611,2767665,5,
61,兩棲類,狹口蛙科,Microhyla ornata,小雨蛙,,,2014,5,16,2049,福和橋-華中橋,新店溪,300611,2767665,10,
62,兩棲類,狹口蛙科,Microhyla ornata,小雨蛙,,,2014,5,16,2051,福和橋-華中橋,新店溪,300662,2767700,5,
63,兩棲類,狹口蛙科,Microhyla ornata,小雨蛙,,,2014,5,16,2055,福和橋-華中橋,新店溪,300835,2767883,10,
64,兩棲類,叉舌蛙科,Fejervarya limnocharis,澤蛙,,,2014,5,16,2055,福和橋-華中橋,新店溪,300835,2767883,4,
65,兩棲類,蟾蜍科,Duttaphrynus melanosticus,黑眶蟾蜍,,,2014,5,16,2055,福和橋-華中橋,新店溪,300835,2767883,3,
18,兩棲類,樹蛙科,Chirixalus idiootocus,面天樹蛙,特有種,,2014,5,16,1902,福和橋-華中橋,新店溪,303862,2767024,2,
67,兩棲類,赤蛙科,Rana guentheri,貢德氏赤蛙,,,2014,5,16,2131,福和橋-華中橋,新店溪,302817,2767870,1,
66,兩棲類,樹蛙科,Chirixalus idiootocus,面天樹蛙,特有種,,2014,5,16,2131,福和橋-華中橋,新店溪,302817,2767870,5,
69,兩棲類,蟾蜍科,Duttaphrynus melanosticus,黑眶蟾蜍,,,2014,5,18,1937,淡水河5K,淡水河,301333,2773931,1,
70,兩棲類,叉舌蛙科,Fejervarya limnocharis,澤蛙,,,2014,5,18,1939,轉彎小水池,淡水河,301312,2774147,1,
71,兩棲類,赤蛙科,Rana latouchii,拉都希氏赤蛙,,,2014,5,18,2003,,淡水河,301047,2775179,1,
72,兩棲類,叉舌蛙科,Fejervarya limnocharis,澤蛙,,,2014,5,18,2033,,淡水河,301003,2771612,1,
73,兩棲類,叉舌蛙科,Fejervarya limnocharis,澤蛙,,,2014,5,18,2035,,淡水河,300974,2771574,1,
74,兩棲類,叉舌蛙科,Fejervarya limnocharis,澤蛙,,,2014,5,18,2037,,淡水河,300872,2771236,2,
75,兩棲類,狹口蛙科,Microhyla ornata,小雨蛙,,,2014,5,18,2037,,淡水河,300872,2771236,1,
76,兩棲類,狹口蛙科,Microhyla ornata,小雨蛙,,,2014,5,18,2053,,淡水河,299508,2769989,30,
77,兩棲類,狹口蛙科,Microhyla ornata,小雨蛙,,,2014,5,18,2057,,淡水河,299399,2769900,15,
78,兩棲類,叉舌蛙科,Fejervarya limnocharis,澤蛙,,,2014,5,18,2057,,淡水河,299294,2769892,2,
79,兩棲類,赤蛙科,Rana guentheri,貢德氏赤蛙,,,2014,5,18,2057,,淡水河,299294,2769892,3,
80,兩棲類,赤蛙科,Rana guentheri,貢德氏赤蛙,,,2014,5,18,2110,,新店溪,299341,2768823,3,
81,兩棲類,狹口蛙科,Microhyla ornata,小雨蛙,,,2014,5,18,2117,,新店溪,299519,2768424,1,
82,兩棲類,狹口蛙科,Microhyla ornata,小雨蛙,,,2014,5,18,2125,,新店溪,299615,2767640,20,
83,兩棲類,赤蛙科,Rana guentheri,貢德氏赤蛙,,,2014,5,18,2125,,新店溪,299615,2767640,4,
84,兩棲類,蟾蜍科,Duttaphrynus melanosticus,黑眶蟾蜍,,,2014,5,18,2125,,新店溪,299615,2767640,3,
85,兩棲類,叉舌蛙科,Fejervarya limnocharis,澤蛙,,,2014,5,18,2125,,新店溪,299615,2767640,3,
86,兩棲類,狹口蛙科,Microhyla ornata,小雨蛙,,,2014,5,18,2125,,新店溪,299615,2767640,400,
87,兩棲類,叉舌蛙科,Fejervarya limnocharis,澤蛙,,,2014,5,18,2125,,新店溪,299615,2767640,50,
88,兩棲類,叉舌蛙科,Fejervarya limnocharis,澤蛙,,,2014,5,18,2132,,新店溪,299865,2767207,3,
89,兩棲類,狹口蛙科,Microhyla ornata,小雨蛙,,,2014,5,18,2140,,新店溪,299743,2767424,3,
90,兩棲類,蟾蜍科,Duttaphrynus melanosticus,黑眶蟾蜍,,,2014,5,18,2140,,新店溪,299743,2767424,1,
91,兩棲類,叉舌蛙科,Fejervarya limnocharis,澤蛙,,,2014,5,25,2046,關渡河岸公園,關渡水岸公園,296756,2778820,1,
92,兩棲類,叉舌蛙科,Fejervarya limnocharis,澤蛙,,,2014,5,25,2050,關渡河岸公園,關渡水岸公園,296656,2778911,1,
94,兩棲類,叉舌蛙科,Fejervarya limnocharis,澤蛙,,,2014,5,25,2108,關渡河岸公園,關渡水岸公園,296539,2779515,1,
95,兩棲類,蟾蜍科,Duttaphrynus melanosticus,黑眶蟾蜍,,,2014,5,25,2109,關渡河岸公園,關渡水岸公園,296549,2779508,1,
96,兩棲類,叉舌蛙科,Fejervarya limnocharis,澤蛙,,,2014,5,25,2111,關渡河岸公園,關渡水岸公園,296553,2779453,2,
99,兩棲類,叉舌蛙科,Fejervarya limnocharis,澤蛙,,,2014,6,5,952,福和橋-華中橋,新店溪,303552,2767039,50,
100,兩棲類,叉舌蛙科,Fejervarya limnocharis,澤蛙,,,2014,6,5,1008,福和橋-華中橋,新店溪,302896,2767748,15,
107,兩棲類,赤蛙科,Rana guentheri,貢德氏赤蛙,,,2014,6,10,939,福和橋-華中橋,新店溪,300037,2767288,1,
108,兩棲類,叉舌蛙科,Fejervarya limnocharis,澤蛙,,,2014,6,10,950,福和橋-華中橋,新店溪,300107,2767289,50,
109,兩棲類,赤蛙科,Rana guentheri,貢德氏赤蛙,,,2014,6,10,1023,華中-大稻埕,新店溪,299374,2768802,2,
117,兩棲類,赤蛙科,Rana guentheri,貢德氏赤蛙,,,2014,6,10,1217,華中-大稻埕,新店溪,299645,2768146,3,
120,兩棲類,蟾蜍科,Duttaphrynus melanosticus,黑眶蟾蜍,,,2014,6,12,1907,福和橋-華中橋,新店溪,303924,2766515,1,
68,兩棲類,樹蛙科,Chirixalus idiootocus,面天樹蛙,特有種,,2014,5,16,2137,福和橋-華中橋,新店溪,303042,2767381,2,
122,兩棲類,蟾蜍科,Duttaphrynus melanosticus,黑眶蟾蜍,,,2014,6,12,1922,福和橋-華中橋,新店溪,303805,2766770,1,
123,兩棲類,叉舌蛙科,Fejervarya limnocharis,澤蛙,,,2014,6,12,1922,福和橋-華中橋,新店溪,303805,2766770,1,
124,兩棲類,叉舌蛙科,Fejervarya limnocharis,澤蛙,,,2014,6,12,1923,福和橋-華中橋,新店溪,303802,2766819,1,
125,兩棲類,赤蛙科,Rana guentheri,貢德氏赤蛙,,,2014,6,12,1928,福和橋-華中橋,新店溪,303593,2767022,2,
126,兩棲類,赤蛙科,Babina adenopleura,腹斑蛙,,,2014,6,12,1928,福和橋-華中橋,新店溪,303593,2767022,2,
127,兩棲類,赤蛙科,Rana latouchii,拉都希氏赤蛙,,,2014,6,12,1931,福和橋-華中橋,新店溪,303366,2767074,3,
128,兩棲類,蟾蜍科,Duttaphrynus melanosticus,黑眶蟾蜍,,,2014,6,12,1936,福和橋-華中橋,新店溪,303022,2767416,1,
129,兩棲類,叉舌蛙科,Fejervarya limnocharis,澤蛙,,,2014,6,12,1937,福和橋-華中橋,新店溪,302966,2767508,3,
130,兩棲類,蟾蜍科,Duttaphrynus melanosticus,黑眶蟾蜍,,,2014,6,12,1949,福和橋-華中橋,新店溪,302103,2768287,1,
131,兩棲類,蟾蜍科,Duttaphrynus melanosticus,黑眶蟾蜍,,,2014,6,12,2000,福和橋-華中橋,新店溪,301098,2768193,1,
132,兩棲類,蟾蜍科,Duttaphrynus melanosticus,黑眶蟾蜍,,,2014,6,12,2008,福和橋-華中橋,新店溪,300487,2767621,1,
133,兩棲類,叉舌蛙科,Fejervarya limnocharis,澤蛙,,,2014,6,12,2016,福和橋-華中橋,新店溪,300126,2767379,1,
134,兩棲類,狹口蛙科,Microhyla ornata,小雨蛙,,,2014,6,12,2019,福和橋-華中橋,新店溪,300408,2767528,10,
135,兩棲類,蟾蜍科,Duttaphrynus melanosticus,黑眶蟾蜍,,,2014,6,12,2019,福和橋-華中橋,新店溪,300408,2767528,1,
136,兩棲類,叉舌蛙科,Fejervarya limnocharis,澤蛙,,,2014,6,12,2019,福和橋-華中橋,新店溪,300408,2767528,3,
137,兩棲類,叉舌蛙科,Fejervarya limnocharis,澤蛙,,,2014,6,12,2022,福和橋-華中橋,新店溪,300387,2767493,3,
121,兩棲類,樹蛙科,Chirixalus idiootocus,面天樹蛙,特有種,,2014,6,12,1916,福和橋-華中橋,新店溪,303829,2766984,1,
139,兩棲類,蟾蜍科,Duttaphrynus melanosticus,黑眶蟾蜍,,,2014,6,12,2030,福和橋-華中橋,新店溪,300282,2767374,1,
140,兩棲類,叉舌蛙科,Fejervarya limnocharis,澤蛙,,,2014,6,12,2030,福和橋-華中橋,新店溪,300282,2767374,1,
141,兩棲類,狹口蛙科,Microhyla ornata,小雨蛙,,,2014,6,12,2032,福和橋-華中橋,新店溪,300241,2767296,5,
142,兩棲類,叉舌蛙科,Fejervarya limnocharis,澤蛙,,,2014,6,12,2032,福和橋-華中橋,新店溪,300241,2767296,3,
143,兩棲類,蟾蜍科,Duttaphrynus melanosticus,黑眶蟾蜍,,,2014,6,12,2032,福和橋-華中橋,新店溪,300241,2767296,1,
144,兩棲類,叉舌蛙科,Fejervarya limnocharis,澤蛙,,,2014,6,12,2035,福和橋-華中橋,新店溪,300166,2767289,10,
145,兩棲類,狹口蛙科,Microhyla ornata,小雨蛙,,,2014,6,12,2035,福和橋-華中橋,新店溪,300166,2767289,10,
146,兩棲類,叉舌蛙科,Fejervarya limnocharis,澤蛙,,,2014,6,12,2041,福和橋-華中橋,新店溪,300107,2767188,3,
147,兩棲類,叉舌蛙科,Fejervarya limnocharis,澤蛙,,,2014,6,12,2043,福和橋-華中橋,新店溪,300216,2767262,5,
148,兩棲類,狹口蛙科,Microhyla ornata,小雨蛙,,,2014,6,12,2043,福和橋-華中橋,新店溪,300216,2767262,2,
149,兩棲類,赤蛙科,Rana guentheri,貢德氏赤蛙,,,2014,6,12,2046,福和橋-華中橋,新店溪,300414,2767437,2,
150,兩棲類,叉舌蛙科,Fejervarya limnocharis,澤蛙,,,2014,6,12,2046,福和橋-華中橋,新店溪,300414,2767437,5,
151,兩棲類,狹口蛙科,Microhyla ornata,小雨蛙,,,2014,6,12,2046,福和橋-華中橋,新店溪,300414,2767437,3,
152,兩棲類,叉舌蛙科,Fejervarya limnocharis,澤蛙,,,2014,6,12,2051,福和橋-華中橋,新店溪,300832,2767881,3,
153,兩棲類,叉舌蛙科,Fejervarya limnocharis,澤蛙,,,2014,6,12,2059,福和橋-華中橋,新店溪,301651,2768398,2,
154,兩棲類,叉舌蛙科,Fejervarya limnocharis,澤蛙,,,2014,6,12,2108,福和橋-華中橋,新店溪,302899,2767574,3,
155,兩棲類,狹口蛙科,Microhyla ornata,小雨蛙,,,2014,6,12,2110,福和橋-華中橋,新店溪,302910,2767736,3,
156,兩棲類,叉舌蛙科,Fejervarya limnocharis,澤蛙,,,2014,6,12,2111,福和橋-華中橋,新店溪,302956,2767606,5,
160,兩棲類,樹蛙科,Chirixalus idiootocus,面天樹蛙,特有種,,2014,6,12,2125,福和橋-華中橋,新店溪,303572,2767021,1,
158,兩棲類,叉舌蛙科,Fejervarya limnocharis,澤蛙,,,2014,6,12,2123,福和橋-華中橋,新店溪,303382,2767059,1,
159,兩棲類,赤蛙科,Rana guentheri,貢德氏赤蛙,,,2014,6,12,2123,福和橋-華中橋,新店溪,303382,2767059,1,
167,兩棲類,樹蛙科,Chirixalus idiootocus,面天樹蛙,特有種,,2014,6,12,2136,福和橋-華中橋,新店溪,303842,2766996,2,
161,兩棲類,赤蛙科,Rana guentheri,貢德氏赤蛙,,,2014,6,12,2128,福和橋-華中橋,新店溪,303742,2767009,5,
162,兩棲類,赤蛙科,Babina adenopleura,腹斑蛙,,,2014,6,12,2128,福和橋-華中橋,新店溪,303742,2767009,3,
163,兩棲類,叉舌蛙科,Fejervarya limnocharis,澤蛙,,,2014,6,12,2128,福和橋-華中橋,新店溪,303742,2767009,3,
164,兩棲類,叉舌蛙科,Fejervarya limnocharis,澤蛙,,,2014,6,12,2131,福和橋-華中橋,新店溪,303775,2767042,2,
265,兩棲類,樹蛙科,Chirixalus idiootocus,面天樹蛙,特有種,,2014,7,2,2127,福和橋-華中橋,新店溪,303832,2766983,1,
166,兩棲類,赤蛙科,Rana latouchii,拉都希氏赤蛙,,,2014,6,12,2131,福和橋-華中橋,新店溪,303775,2767042,1,
502,兩棲類,樹蛙科,Chirixalus idiootocus,面天樹蛙,特有種,,2014,8,21,,,新店溪,303809,2766997,2,
171,兩棲類,赤蛙科,Rana guentheri,貢德氏赤蛙,,,2014,6,27,1939,關渡水岸公園-華中橋,淡水河,300783,2775595,1,
172,兩棲類,叉舌蛙科,Fejervarya limnocharis,澤蛙,,,2014,6,27,2014,關渡水岸公園-華中橋,淡水河,300784,2771076,1,
173,兩棲類,叉舌蛙科,Hoplobatrachus rugulosa,虎皮蛙,,,2014,6,27,2040,關渡水岸公園-華中橋,淡水河,299294,2769894,3,
174,兩棲類,狹口蛙科,Microhyla ornata,小雨蛙,,,2014,6,27,2040,關渡水岸公園-華中橋,淡水河,299294,2769894,10,
175,兩棲類,赤蛙科,Rana guentheri,貢德氏赤蛙,,,2014,6,27,2040,關渡水岸公園-華中橋,淡水河,299294,2769894,3,
176,兩棲類,叉舌蛙科,Fejervarya limnocharis,澤蛙,,,2014,6,27,2040,關渡水岸公園-華中橋,淡水河,299294,2769894,4,
177,兩棲類,狹口蛙科,Microhyla ornata,小雨蛙,,,2014,6,27,2050,關渡水岸公園-華中橋,新店溪,299139,2769377,2,
178,兩棲類,蟾蜍科,Duttaphrynus melanosticus,黑眶蟾蜍,,,2014,6,27,2050,關渡水岸公園-華中橋,新店溪,299139,2769377,1,
179,兩棲類,赤蛙科,Rana guentheri,貢德氏赤蛙,,,2014,6,27,2059,關渡水岸公園-華中橋,新店溪,299376,2768807,3,
181,兩棲類,赤蛙科,Rana guentheri,貢德氏赤蛙,,,2014,6,27,2105,關渡水岸公園-華中橋,新店溪,299538,2768307,1,
182,兩棲類,赤蛙科,Babina adenopleura,腹斑蛙,,,2014,6,27,2105,關渡水岸公園-華中橋,新店溪,299538,2768307,1,
183,兩棲類,叉舌蛙科,Fejervarya limnocharis,澤蛙,,,2014,6,27,2113,關渡水岸公園-華中橋,新店溪,299517,2767814,3,
184,兩棲類,赤蛙科,Rana guentheri,貢德氏赤蛙,,,2014,6,27,2118,關渡水岸公園-華中橋,新店溪,299646,2768146,2,
185,兩棲類,叉舌蛙科,Fejervarya limnocharis,澤蛙,,,2014,6,27,2118,關渡水岸公園-華中橋,新店溪,299646,2768146,1,
186,兩棲類,叉舌蛙科,Fejervarya limnocharis,澤蛙,,,2014,6,27,2121,關渡水岸公園-華中橋,新店溪,299705,2767765,1,
187,兩棲類,赤蛙科,Rana guentheri,貢德氏赤蛙,,,2014,6,27,2126,關渡水岸公園-華中橋,新店溪,299607,2767650,5,
188,兩棲類,叉舌蛙科,Fejervarya limnocharis,澤蛙,,,2014,6,27,2126,關渡水岸公園-華中橋,新店溪,299607,2767650,6,
189,兩棲類,狹口蛙科,Microhyla ornata,小雨蛙,,,2014,6,27,2126,關渡水岸公園-華中橋,新店溪,299607,2767650,20,
191,兩棲類,叉舌蛙科,Fejervarya limnocharis,澤蛙,,,2014,6,27,2133,關渡水岸公園-華中橋,新店溪,299686,2767454,1,
192,兩棲類,叉舌蛙科,Fejervarya limnocharis,澤蛙,,,2014,6,27,2137,關渡水岸公園-華中橋,新店溪,299731,2767552,1,
193,兩棲類,叉舌蛙科,Fejervarya limnocharis,澤蛙,,,2014,6,27,2140,關渡水岸公園-華中橋,新店溪,299879,2767408,5,
194,兩棲類,狹口蛙科,Microhyla ornata,小雨蛙,,,2014,6,27,2140,關渡水岸公園-華中橋,新店溪,299879,2767408,10,
195,兩棲類,狹口蛙科,Microhyla ornata,小雨蛙,,,2014,6,27,2145,關渡水岸公園-華中橋,新店溪,299845,2767355,2,
196,兩棲類,叉舌蛙科,Fejervarya limnocharis,澤蛙,,,2014,6,27,2147,關渡水岸公園-華中橋,新店溪,299789,2767293,3,
206,兩棲類,赤蛙科,Rana guentheri,貢德氏赤蛙,,,2014,7,2,911,福和橋-華中橋,新店溪,303625,2767000,1,
217,兩棲類,蟾蜍科,Duttaphrynus melanosticus,黑眶蟾蜍,,,2014,7,2,1919,福和橋-華中橋,新店溪,301918,2768365,1,
218,兩棲類,蟾蜍科,Duttaphrynus melanosticus,黑眶蟾蜍,,,2014,7,2,1923,福和橋-華中橋,新店溪,301572,2768446,2,
219,兩棲類,蟾蜍科,Duttaphrynus melanosticus,黑眶蟾蜍,,,2014,7,2,1925,福和橋-華中橋,新店溪,301478,2768415,3,
220,兩棲類,蟾蜍科,Duttaphrynus melanosticus,黑眶蟾蜍,,,2014,7,2,1929,福和橋-華中橋,新店溪,301250,2768299,1,
221,兩棲類,蟾蜍科,Duttaphrynus melanosticus,黑眶蟾蜍,,,2014,7,2,1931,福和橋-華中橋,新店溪,301195,2768185,1,
222,兩棲類,蟾蜍科,Duttaphrynus melanosticus,黑眶蟾蜍,,,2014,7,2,1932,福和橋-華中橋,新店溪,301004,2768117,1,
223,兩棲類,蟾蜍科,Duttaphrynus melanosticus,黑眶蟾蜍,,,2014,7,2,1933,福和橋-華中橋,新店溪,300975,2768096,1,
224,兩棲類,蟾蜍科,Duttaphrynus melanosticus,黑眶蟾蜍,,,2014,7,2,1936,福和橋-華中橋,新店溪,300845,2767888,2,
225,兩棲類,赤蛙科,Rana latouchii,拉都希氏赤蛙,,,2014,7,2,1936,福和橋-華中橋,新店溪,300845,2767888,1,
226,兩棲類,狹口蛙科,Microhyla ornata,小雨蛙,,,2014,7,2,1936,福和橋-華中橋,新店溪,300845,2767888,1,
227,兩棲類,赤蛙科,Babina adenopleura,腹斑蛙,,,2014,7,2,1936,福和橋-華中橋,新店溪,300845,2767888,1,
228,兩棲類,赤蛙科,Rana guentheri,貢德氏赤蛙,,,2014,7,2,1936,福和橋-華中橋,新店溪,300845,2767888,1,
229,兩棲類,蟾蜍科,Duttaphrynus melanosticus,黑眶蟾蜍,,,2014,7,2,1940,福和橋-華中橋,新店溪,300764,2767829,3,
230,兩棲類,蟾蜍科,Duttaphrynus melanosticus,黑眶蟾蜍,,,2014,7,2,1945,福和橋-華中橋,新店溪,300785,2767774,1,
231,兩棲類,蟾蜍科,Duttaphrynus melanosticus,黑眶蟾蜍,,,2014,7,2,1948,福和橋-華中橋,新店溪,300670,2767702,1,
232,兩棲類,蟾蜍科,Duttaphrynus melanosticus,黑眶蟾蜍,,,2014,7,2,1952,福和橋-華中橋,新店溪,300439,2767581,1,
233,兩棲類,蟾蜍科,Duttaphrynus melanosticus,黑眶蟾蜍,,,2014,7,2,2002,福和橋-華中橋,新店溪,300237,2767289,1,
234,兩棲類,狹口蛙科,Microhyla ornata,小雨蛙,,,2014,7,2,2002,福和橋-華中橋,新店溪,300237,2767289,1,
235,兩棲類,叉舌蛙科,Fejervarya limnocharis,澤蛙,,,2014,7,2,2004,福和橋-華中橋,新店溪,300166,2767285,2,
236,兩棲類,狹口蛙科,Microhyla ornata,小雨蛙,,,2014,7,2,2004,福和橋-華中橋,新店溪,300166,2767285,4,
237,兩棲類,赤蛙科,Rana guentheri,貢德氏赤蛙,,,2014,7,2,2006,福和橋-華中橋,新店溪,300068,2767287,2,
238,兩棲類,叉舌蛙科,Fejervarya limnocharis,澤蛙,,,2014,7,2,2009,福和橋-華中橋,新店溪,300146,2767378,2,
239,兩棲類,蟾蜍科,Duttaphrynus melanosticus,黑眶蟾蜍,,,2014,7,2,2019,福和橋-華中橋,新店溪,300156,2767218,1,
240,兩棲類,叉舌蛙科,Fejervarya limnocharis,澤蛙,,,2014,7,2,2025,福和橋-華中橋,新店溪,300156,2767218,1,
241,兩棲類,叉舌蛙科,Fejervarya limnocharis,澤蛙,,,2014,7,2,2025,福和橋-華中橋,新店溪,300717,2767694,1,
242,兩棲類,叉舌蛙科,Fejervarya limnocharis,澤蛙,,,2014,7,2,2031,福和橋-華中橋,新店溪,301442,2768370,1,
243,兩棲類,叉舌蛙科,Fejervarya limnocharis,澤蛙,,,2014,7,2,2046,福和橋-華中橋,新店溪,302707,2768064,1,
792,兩棲類,樹蛙科,Kurixalus idiootocus,面天樹蛙,特有種,,2015,3,30,2352,,新店溪,301403.21,2768360.21,2,曾威捷
245,兩棲類,叉舌蛙科,Fejervarya limnocharis,澤蛙,,,2014,7,2,2046,福和橋-華中橋,新店溪,302707,2768064,1,
246,兩棲類,蟾蜍科,Duttaphrynus melanosticus,黑眶蟾蜍,,,2014,7,2,2052,福和橋-華中橋,新店溪,302840,2767918,1,
247,兩棲類,叉舌蛙科,Fejervarya limnocharis,澤蛙,,,2014,7,2,2053,福和橋-華中橋,新店溪,302909,2767807,3,
248,兩棲類,叉舌蛙科,Fejervarya limnocharis,澤蛙,,,2014,7,2,2057,福和橋-華中橋,新店溪,303128,2767406,1,
249,兩棲類,叉舌蛙科,Fejervarya limnocharis,澤蛙,,,2014,7,2,2102,福和橋-華中橋,新店溪,302981,2767576,2,
250,兩棲類,狹口蛙科,Microhyla ornata,小雨蛙,,,2014,7,2,2102,福和橋-華中橋,新店溪,302981,2767576,8,
251,兩棲類,狹口蛙科,Microhyla ornata,小雨蛙,,,2014,7,2,2104,福和橋-華中橋,新店溪,302903,2767735,3,
252,兩棲類,叉舌蛙科,Fejervarya limnocharis,澤蛙,,,2014,7,2,2108,福和橋-華中橋,新店溪,302864,2767665,2,
253,兩棲類,赤蛙科,Rana guentheri,貢德氏赤蛙,,,2014,7,2,2115,福和橋-華中橋,新店溪,303400,2767040,2,
254,兩棲類,叉舌蛙科,Fejervarya limnocharis,澤蛙,,,2014,7,2,2115,福和橋-華中橋,新店溪,303400,2767040,1,
255,兩棲類,赤蛙科,Rana latouchii,拉都希氏赤蛙,,,2014,7,2,2115,福和橋-華中橋,新店溪,303400,2767040,1,
256,兩棲類,赤蛙科,Babina adenopleura,腹斑蛙,,,2014,7,2,2115,福和橋-華中橋,新店溪,303400,2767040,1,
257,兩棲類,狹口蛙科,Microhyla ornata,小雨蛙,,,2014,7,2,2117,福和橋-華中橋,新店溪,303553,2767030,10,
258,兩棲類,叉舌蛙科,Fejervarya limnocharis,澤蛙,,,2014,7,2,2117,福和橋-華中橋,新店溪,303553,2767030,5,
259,兩棲類,赤蛙科,Babina adenopleura,腹斑蛙,,,2014,7,2,2117,福和橋-華中橋,新店溪,303553,2767030,1,
260,兩棲類,赤蛙科,Rana guentheri,貢德氏赤蛙,,,2014,7,2,2117,福和橋-華中橋,新店溪,303553,2767030,1,
261,兩棲類,赤蛙科,Rana guentheri,貢德氏赤蛙,,,2014,7,2,2120,福和橋-華中橋,新店溪,303660,2766995,1,
262,兩棲類,赤蛙科,Babina adenopleura,腹斑蛙,,,2014,7,2,2122,福和橋-華中橋,新店溪,303741,2767004,1,
263,兩棲類,赤蛙科,Rana latouchii,拉都希氏赤蛙,,,2014,7,2,2123,福和橋-華中橋,新店溪,303776,2767039,2,
264,兩棲類,叉舌蛙科,Fejervarya limnocharis,澤蛙,,,2014,7,2,2123,福和橋-華中橋,新店溪,303776,2767039,1,
815,兩棲類,樹蛙科,Kurixalus idiootocus,面天樹蛙,特有種,,2015,3,31,2234,,新店溪,302832.69,2767713.37,10,曾威捷
266,兩棲類,蟾蜍科,Duttaphrynus melanosticus,黑眶蟾蜍,,,2014,7,2,2134,福和橋-華中橋,新店溪,303773,2766951,3,
267,兩棲類,叉舌蛙科,Fejervarya limnocharis,澤蛙,,,2014,7,2,2134,福和橋-華中橋,新店溪,303773,2766951,2,
268,兩棲類,狹口蛙科,Microhyla ornata,小雨蛙,,,2014,7,2,2137,福和橋-華中橋,新店溪,303878,2766829,2,
269,兩棲類,叉舌蛙科,Fejervarya limnocharis,澤蛙,,,2014,7,2,2137,福和橋-華中橋,新店溪,303878,2766829,2,
271,兩棲類,狹口蛙科,Microhyla ornata,小雨蛙,,,2014,7,2,2150,福和橋-華中橋,新店溪,303805,2766775,2,
272,兩棲類,叉舌蛙科,Fejervarya limnocharis,澤蛙,,,2014,7,2,2150,福和橋-華中橋,新店溪,303805,2766775,2,
273,兩棲類,赤蛙科,Rana guentheri,貢德氏赤蛙,,,2014,7,3,857,華中橋-大稻埕,新店溪,299640,2767575,2,
274,兩棲類,赤蛙科,Rana guentheri,貢德氏赤蛙,,,2014,7,3,914,華中橋-大稻埕,新店溪,299649,2768156,3,
295,兩棲類,蟾蜍科,Duttaphrynus melanosticus,黑眶蟾蜍,,,2014,7,3,2059,關渡水岸公園,關渡水岸公園,296724,2778820,1,
296,兩棲類,蟾蜍科,Duttaphrynus melanosticus,黑眶蟾蜍,,,2014,7,3,2059,關渡水岸公園,關渡水岸公園,296568,2779388,2,
297,兩棲類,蟾蜍科,Duttaphrynus melanosticus,黑眶蟾蜍,,,2014,7,3,2059,關渡水岸公園,關渡水岸公園,296547,2779423,1,
316,兩棲類,狹口蛙科,Microhyla ornata,小雨蛙,,,2014,7,4,1954,華中橋-大稻埕,淡水河,300797,2771066,300,
317,兩棲類,叉舌蛙科,Fejervarya limnocharis,澤蛙,,,2014,7,4,1954,華中橋-大稻埕,淡水河,300797,2771066,2,
318,兩棲類,蟾蜍科,Duttaphrynus melanosticus,黑眶蟾蜍,,,2014,7,4,2007,華中橋-大稻埕,淡水河,299855,2770122,1,
319,兩棲類,叉舌蛙科,Fejervarya limnocharis,澤蛙,,,2014,7,4,2012,華中橋-大稻埕,淡水河,299467,2769881,1,
320,兩棲類,蟾蜍科,Duttaphrynus melanosticus,黑眶蟾蜍,,,2014,7,4,2014,華中橋-大稻埕,淡水河,299497,2769924,1,
321,兩棲類,蟾蜍科,Duttaphrynus melanosticus,黑眶蟾蜍,,,2014,7,4,2022,華中橋-大稻埕,淡水河,299297,2769893,1,
322,兩棲類,狹口蛙科,Microhyla ornata,小雨蛙,,,2014,7,4,2022,華中橋-大稻埕,淡水河,299297,2769893,5,
323,兩棲類,赤蛙科,Rana guentheri,貢德氏赤蛙,,,2014,7,4,2022,華中橋-大稻埕,淡水河,299297,2769893,1,
324,兩棲類,叉舌蛙科,Hoplobatrachus rugulosa,虎皮蛙,,,2014,7,4,2022,華中橋-大稻埕,淡水河,299297,2769893,2,
325,兩棲類,叉舌蛙科,Fejervarya limnocharis,澤蛙,,,2014,7,4,2029,華中橋-大稻埕,新店溪,299293,2769793,1,
326,兩棲類,蟾蜍科,Duttaphrynus melanosticus,黑眶蟾蜍,,,2014,7,4,2031,華中橋-大稻埕,淡水河,299508,2769860,1,
327,兩棲類,叉舌蛙科,Fejervarya limnocharis,澤蛙,,,2014,7,4,2042,華中橋-大稻埕,新店溪,299169,2769533,2,
328,兩棲類,赤蛙科,Rana guentheri,貢德氏赤蛙,,,2014,7,4,2052,華中橋-大稻埕,新店溪,299376,2768790,2,
329,兩棲類,赤蛙科,Rana guentheri,貢德氏赤蛙,,,2014,7,4,2100,華中橋-大稻埕,新店溪,299520,2768423,3,
330,兩棲類,叉舌蛙科,Fejervarya limnocharis,澤蛙,,,2014,7,4,2107,華中橋-大稻埕,新店溪,299568,2767909,1,
331,兩棲類,赤蛙科,Rana guentheri,貢德氏赤蛙,,,2014,7,4,2110,華中橋-大稻埕,新店溪,299649,2768137,2,
332,兩棲類,叉舌蛙科,Fejervarya limnocharis,澤蛙,,,2014,7,4,2118,華中橋-大稻埕,新店溪,299574,2767848,1,
333,兩棲類,叉舌蛙科,Fejervarya limnocharis,澤蛙,,,2014,7,4,2121,華中橋-大稻埕,新店溪,299622,2767638,2,
334,兩棲類,蟾蜍科,Duttaphrynus melanosticus,黑眶蟾蜍,,,2014,7,4,2121,華中橋-大稻埕,新店溪,299622,2767638,3,
335,兩棲類,狹口蛙科,Microhyla ornata,小雨蛙,,,2014,7,4,2121,華中橋-大稻埕,新店溪,299622,2767638,15,
336,兩棲類,赤蛙科,Rana guentheri,貢德氏赤蛙,,,2014,7,4,2121,華中橋-大稻埕,新店溪,299622,2767638,3,
338,兩棲類,蟾蜍科,Duttaphrynus melanosticus,黑眶蟾蜍,,,2014,7,4,2127,華中橋-大稻埕,新店溪,299625,2767598,1,
339,兩棲類,蟾蜍科,Duttaphrynus melanosticus,黑眶蟾蜍,,,2014,7,4,2129,華中橋-大稻埕,新店溪,299616,2767634,1,
340,兩棲類,叉舌蛙科,Fejervarya limnocharis,澤蛙,,,2014,7,4,2135,華中橋-大稻埕,新店溪,299769,2767362,1,
341,兩棲類,叉舌蛙科,Fejervarya limnocharis,澤蛙,,,2014,7,4,2140,華中橋-大稻埕,新店溪,299879,2767408,1,
342,兩棲類,狹口蛙科,Microhyla ornata,小雨蛙,,,2014,7,4,2140,華中橋-大稻埕,新店溪,299879,2767408,5,
343,兩棲類,叉舌蛙科,Fejervarya limnocharis,澤蛙,,,2014,7,4,2143,華中橋-大稻埕,新店溪,299864,2767422,4,
344,兩棲類,狹口蛙科,Microhyla ornata,小雨蛙,,,2014,7,4,2143,華中橋-大稻埕,新店溪,299864,2767422,10,
345,兩棲類,蟾蜍科,Duttaphrynus melanosticus,黑眶蟾蜍,,,2014,7,4,2145,華中橋-大稻埕,新店溪,299767,2767480,1,
346,兩棲類,狹口蛙科,Microhyla ornata,小雨蛙,,,2014,7,4,2149,華中橋-大稻埕,新店溪,299696,2767597,3,
347,兩棲類,蟾蜍科,Duttaphrynus melanosticus,黑眶蟾蜍,,,2014,7,4,2215,華中橋-大稻埕,新店溪,299645,2768206,1,
349,兩棲類,赤蛙科,Rana guentheri,貢德氏赤蛙,,,2014,7,4,2215,華中橋-大稻埕,新店溪,299645,2768206,1,
350,兩棲類,蟾蜍科,Duttaphrynus melanosticus,黑眶蟾蜍,,,2014,7,4,2219,華中橋-大稻埕,新店溪,299632,2768240,1,
351,兩棲類,蟾蜍科,Duttaphrynus melanosticus,黑眶蟾蜍,,,2014,7,4,2221,華中橋-大稻埕,新店溪,299614,2768276,1,
462,兩棲類,狹口蛙科,Microhyla ornata,小雨蛙,,,2014,8,21,,,新店溪,303394,2767057,2,
463,兩棲類,狹口蛙科,Microhyla ornata,小雨蛙,,,2014,8,21,,,新店溪,303394,2767058,3,
464,兩棲類,狹口蛙科,Microhyla ornata,小雨蛙,,,2014,8,21,,,新店溪,299078,2769652,2,
465,兩棲類,狹口蛙科,Microhyla ornata,小雨蛙,,,2014,8,21,,,新店溪,303736,2767004,5,
466,兩棲類,狹口蛙科,Microhyla ornata,小雨蛙,,,2014,8,21,,,關渡水岸公園,296543.346,2779453.281,15,
467,兩棲類,狹口蛙科,Microhyla ornata,小雨蛙,,,2014,8,21,,,新店溪,303110,2767345,5,
468,兩棲類,狹口蛙科,Microhyla ornata,小雨蛙,,,2014,8,21,,,新店溪,302098,2768260,5,
469,兩棲類,狹口蛙科,Microhyla ornata,小雨蛙,,,2014,8,21,,,新店溪,299085,2769502,3,
470,兩棲類,狹口蛙科,Microhyla ornata,小雨蛙,,,2014,8,21,,,淡水河,300294,2770451,3,
471,兩棲類,狹口蛙科,Microhyla ornata,小雨蛙,,,2014,8,21,,,淡水河,300661,2770931,5,
472,兩棲類,狹口蛙科,Microhyla ornata,小雨蛙,,,2014,8,21,,,新店溪,303793,2766811,5,
473,兩棲類,狹口蛙科,Microhyla ornata,小雨蛙,,,2014,8,21,,,新店溪,303793,2766811,3,
474,兩棲類,狹口蛙科,Microhyla ornata,小雨蛙,,,2014,8,21,,,新店溪,303793,2766811,3,
475,兩棲類,狹口蛙科,Microhyla ornata,小雨蛙,,,2014,8,21,,,新店溪,303793,2766811,5,
476,兩棲類,狹口蛙科,Microhyla ornata,小雨蛙,,,2014,8,21,,,新店溪,303790,2766861,2,
477,兩棲類,狹口蛙科,Microhyla ornata,小雨蛙,,,2014,8,21,,,新店溪,302931,2767618,5,
478,兩棲類,狹口蛙科,Microhyla ornata,小雨蛙,,,2014,8,21,,,新店溪,302931,2767618,2,
479,兩棲類,狹口蛙科,Microhyla ornata,小雨蛙,,,2014,8,21,,,新店溪,301892,2768382,5,
480,兩棲類,狹口蛙科,Microhyla ornata,小雨蛙,,,2014,8,21,,,新店溪,301892,2768382,15,
481,兩棲類,狹口蛙科,Microhyla ornata,小雨蛙,,,2014,8,21,,,新店溪,301320,2768341,5,
482,兩棲類,狹口蛙科,Microhyla ornata,小雨蛙,,,2014,8,21,,,新店溪,300659,2767706,10,
483,兩棲類,狹口蛙科,Microhyla ornata,小雨蛙,,,2014,8,21,,,新店溪,299762,2767407,5,
484,兩棲類,狹口蛙科,Microhyla ornata,小雨蛙,,,2014,8,21,,,新店溪,299633,2767609,5,
485,兩棲類,狹口蛙科,Microhyla ornata,小雨蛙,,,2014,8,21,,,新店溪,299633,2767610,5,
486,兩棲類,狹口蛙科,Microhyla ornata,小雨蛙,,,2014,8,21,,,新店溪,299101,2769721,3,
487,兩棲類,狹口蛙科,Microhyla ornata,小雨蛙,,,2014,8,21,,,淡水河,299318,2769880,5,
488,兩棲類,狹口蛙科,Microhyla ornata,小雨蛙,,,2014,8,22,,,淡水河,299409,2769928,10,
489,兩棲類,狹口蛙科,Microhyla ornata,小雨蛙,,,2014,8,22,,,淡水河,299409,2769928,30,
490,兩棲類,狹口蛙科,Microhyla ornata,小雨蛙,,,2014,8,22,,,淡水河,300856,2771195,30,
491,兩棲類,狹口蛙科,Microhyla ornata,小雨蛙,,,2014,8,22,,,新店溪,299166,2769308,5,
492,兩棲類,樹蛙科,Hyla chinensis,中國樹蟾,,,2014,9,18,,,關渡水岸公園,296663,2778887,2,
493,兩棲類,樹蛙科,Polypedates braueri,布氏樹蛙,,,2014,8,21,,,新店溪,303740,2767005,1,
494,兩棲類,赤蛙科,Rana latouchii,拉都希氏赤蛙,,,2014,10,15,,,新店溪,303740,2767005,2,
495,兩棲類,赤蛙科,Rana latouchii,拉都希氏赤蛙,,,2014,8,21,,,新店溪,303740,2767005,3,
496,兩棲類,叉舌蛙科,Hoplobatrachus rugulosa,虎皮蛙,,,2014,9,18,,,新店溪,303740,2767005,1,
497,兩棲類,叉舌蛙科,Hoplobatrachus rugulosa,虎皮蛙,,,2014,9,18,,,新店溪,303740,2767005,1,
498,兩棲類,叉舌蛙科,Hoplobatrachus rugulosa,虎皮蛙,,,2014,8,15,,,新店溪,303826,2766710,1,
499,兩棲類,叉舌蛙科,Hoplobatrachus rugulosa,虎皮蛙,,,2014,8,21,,,新店溪,303826,2766710,2,
500,兩棲類,叉舌蛙科,Hoplobatrachus rugulosa,虎皮蛙,,,2014,8,21,,,新店溪,303935,2766475,1,
501,兩棲類,叉舌蛙科,Hoplobatrachus rugulosa,虎皮蛙,,,2014,8,22,,,新店溪,303949,2766453,2,
819,兩棲類,樹蛙科,Kurixalus idiootocus,面天樹蛙,特有種,,2015,3,31,,,新店溪,302818.6,2767731.78,3,曾威捷
503,兩棲類,赤蛙科,Rana guentheri,貢德氏赤蛙,,,2014,10,15,,,新店溪,303809,2766997,1,
504,兩棲類,赤蛙科,Rana guentheri,貢德氏赤蛙,,,2014,8,21,,,新店溪,303788,2766942,1,
505,兩棲類,赤蛙科,Rana guentheri,貢德氏赤蛙,,,2014,8,21,,,新店溪,303797,2766949,1,
506,兩棲類,赤蛙科,Rana guentheri,貢德氏赤蛙,,,2014,8,21,,,新店溪,303852,2766679,1,
507,兩棲類,赤蛙科,Rana guentheri,貢德氏赤蛙,,,2014,8,21,,,新店溪,302984,2767581,2,
508,兩棲類,赤蛙科,Rana guentheri,貢德氏赤蛙,,,2014,9,28,,,新店溪,302791,2767985,1,
509,兩棲類,樹蛙科,Polypedates megacephalus,斑腿樹蛙,,外來種,2014,8,21,,,新店溪,300703,2767903,2,
510,兩棲類,蟾蜍科,Duttaphrynus melanosticus,黑眶蟾蜍,,,2014,10,15,,,新店溪,300773,2767820,1,
511,兩棲類,蟾蜍科,Duttaphrynus melanosticus,黑眶蟾蜍,,,2014,10,23,,,新店溪,300658,2767697,1,
512,兩棲類,蟾蜍科,Duttaphrynus melanosticus,黑眶蟾蜍,,,2014,9,17,,,新店溪,300333,2767428,1,
513,兩棲類,蟾蜍科,Duttaphrynus melanosticus,黑眶蟾蜍,,,2014,9,17,,,新店溪,300223,2767288,1,
514,兩棲類,蟾蜍科,Duttaphrynus melanosticus,黑眶蟾蜍,,,2014,9,17,,,新店溪,300163,2767290,1,
515,兩棲類,蟾蜍科,Duttaphrynus melanosticus,黑眶蟾蜍,,,2014,9,18,,,新店溪,300114,2767292,1,
516,兩棲類,蟾蜍科,Duttaphrynus melanosticus,黑眶蟾蜍,,,2014,9,18,,,新店溪,300074,2767294,1,
517,兩棲類,蟾蜍科,Duttaphrynus melanosticus,黑眶蟾蜍,,,2014,9,18,,,新店溪,300491,2767620,2,
518,兩棲類,蟾蜍科,Duttaphrynus melanosticus,黑眶蟾蜍,,,2014,9,18,,,新店溪,300311,2767412,1,
519,兩棲類,蟾蜍科,Duttaphrynus melanosticus,黑眶蟾蜍,,,2014,9,18,,,新店溪,300311,2767412,1,
520,兩棲類,蟾蜍科,Duttaphrynus melanosticus,黑眶蟾蜍,,,2014,9,18,,,新店溪,300311,2767412,1,
521,兩棲類,蟾蜍科,Duttaphrynus melanosticus,黑眶蟾蜍,,,2014,9,18,,,新店溪,300197,2767255,2,
522,兩棲類,蟾蜍科,Duttaphrynus melanosticus,黑眶蟾蜍,,,2014,9,18,,,新店溪,299891,2767733,1,
523,兩棲類,蟾蜍科,Duttaphrynus melanosticus,黑眶蟾蜍,,,2014,9,18,,,新店溪,299867,2767755,1,
524,兩棲類,蟾蜍科,Duttaphrynus melanosticus,黑眶蟾蜍,,,2014,9,18,,,新店溪,299813,2767821,1,
525,兩棲類,蟾蜍科,Duttaphrynus melanosticus,黑眶蟾蜍,,,2014,9,18,,,新店溪,299610,2768295,3,
526,兩棲類,蟾蜍科,Duttaphrynus melanosticus,黑眶蟾蜍,,,2014,9,18,,,新店溪,299423,2768727,1,
527,兩棲類,蟾蜍科,Duttaphrynus melanosticus,黑眶蟾蜍,,,2014,8,21,,,新店溪,299377,2768809,1,
528,兩棲類,蟾蜍科,Duttaphrynus melanosticus,黑眶蟾蜍,,,2014,8,21,,,新店溪,299252,2769635,4,
529,兩棲類,蟾蜍科,Duttaphrynus melanosticus,黑眶蟾蜍,,,2014,8,21,,,新店溪,299141,2769375,1,
530,兩棲類,蟾蜍科,Duttaphrynus melanosticus,黑眶蟾蜍,,,2014,8,21,,,新店溪,299603,2768262,2,
531,兩棲類,蟾蜍科,Duttaphrynus melanosticus,黑眶蟾蜍,,,2014,8,21,,,新店溪,299603,2768262,1,
532,兩棲類,蟾蜍科,Duttaphrynus melanosticus,黑眶蟾蜍,,,2014,8,21,,,新店溪,299614,2768228,2,
533,兩棲類,蟾蜍科,Duttaphrynus melanosticus,黑眶蟾蜍,,,2014,8,21,,,新店溪,299614,2768228,1,
534,兩棲類,蟾蜍科,Duttaphrynus melanosticus,黑眶蟾蜍,,,2014,8,21,,,新店溪,299614,2768228,2,
535,兩棲類,蟾蜍科,Duttaphrynus melanosticus,黑眶蟾蜍,,,2014,8,21,,,新店溪,299630,2767902,1,
536,兩棲類,蟾蜍科,Duttaphrynus melanosticus,黑眶蟾蜍,,,2014,8,21,,,新店溪,299544,2768222,3,
537,兩棲類,蟾蜍科,Duttaphrynus melanosticus,黑眶蟾蜍,,,2014,8,21,,,新店溪,299571,2767910,3,
538,兩棲類,蟾蜍科,Duttaphrynus melanosticus,黑眶蟾蜍,,,2014,8,21,,,新店溪,299571,2767910,4,
539,兩棲類,蟾蜍科,Duttaphrynus melanosticus,黑眶蟾蜍,,,2014,8,21,,,新店溪,299537,2768030,1,
540,兩棲類,蟾蜍科,Duttaphrynus melanosticus,黑眶蟾蜍,,,2014,8,21,,,新店溪,299604,2767844,1,
541,兩棲類,蟾蜍科,Duttaphrynus melanosticus,黑眶蟾蜍,,,2014,8,22,,,新店溪,299614,2767662,1,
542,兩棲類,蟾蜍科,Duttaphrynus melanosticus,黑眶蟾蜍,,,2014,8,22,,,新店溪,299614,2767662,1,
543,兩棲類,赤蛙科,Babina adenopleura,腹斑蛙,,,2014,8,21,,,新店溪,299820,2767256,2,
544,兩棲類,赤蛙科,Babina adenopleura,腹斑蛙,,,2014,8,21,,,新店溪,299884,2767286,3,
545,兩棲類,叉舌蛙科,Fejervarya limnocharis,澤蛙,,,2014,8,5,,,新店溪,299878,2767377,2,
546,兩棲類,叉舌蛙科,Fejervarya limnocharis,澤蛙,,,2014,9,17,,,新店溪,299864,2767422,1,
547,兩棲類,叉舌蛙科,Fejervarya limnocharis,澤蛙,,,2014,9,17,,,新店溪,299695,2767601,1,
548,兩棲類,叉舌蛙科,Fejervarya limnocharis,澤蛙,,,2014,9,18,,,新店溪,299695,2767601,2,
549,兩棲類,叉舌蛙科,Fejervarya limnocharis,澤蛙,,,2014,9,18,,,新店溪,299750,2767590,2,
550,兩棲類,叉舌蛙科,Fejervarya limnocharis,澤蛙,,,2014,9,18,,,新店溪,300619,2767610,3,
551,兩棲類,叉舌蛙科,Fejervarya limnocharis,澤蛙,,,2014,9,18,,,新店溪,300619,2767610,2,
552,兩棲類,叉舌蛙科,Fejervarya limnocharis,澤蛙,,,2014,8,19,,,新店溪,300711,2767690,2,
553,兩棲類,叉舌蛙科,Fejervarya limnocharis,澤蛙,,,2014,8,21,,,新店溪,302888,2767792,4,
554,兩棲類,叉舌蛙科,Fejervarya limnocharis,澤蛙,,,2014,8,21,,,新店溪,303553,2767035,1,
555,兩棲類,叉舌蛙科,Fejervarya limnocharis,澤蛙,,,2014,8,21,,,新店溪,303553,2767035,1,
556,兩棲類,叉舌蛙科,Fejervarya limnocharis,澤蛙,,,2014,8,21,,,新店溪,303553,2767035,2,
557,兩棲類,叉舌蛙科,Fejervarya limnocharis,澤蛙,,,2014,8,21,,,新店溪,303667,2766997,1,
558,兩棲類,叉舌蛙科,Fejervarya limnocharis,澤蛙,,,2014,8,21,,,淡水河,301324,2774287,1,
559,兩棲類,叉舌蛙科,Fejervarya limnocharis,澤蛙,,,2014,8,21,,,淡水河,300289,2770469,2,
560,兩棲類,叉舌蛙科,Fejervarya limnocharis,澤蛙,,,2014,8,21,,,淡水河,299495,2770009,2,
561,兩棲類,叉舌蛙科,Fejervarya limnocharis,澤蛙,,,2014,8,21,,,淡水河,299298,2769897,1,
562,兩棲類,叉舌蛙科,Fejervarya limnocharis,澤蛙,,,2014,8,21,,,淡水河,299336,2769858,2,
563,兩棲類,叉舌蛙科,Fejervarya limnocharis,澤蛙,,,2014,8,21,,,淡水河,299336,2769858,2,
564,兩棲類,叉舌蛙科,Fejervarya limnocharis,澤蛙,,,2014,8,21,,,淡水河,299336,2769858,2,
565,兩棲類,叉舌蛙科,Fejervarya limnocharis,澤蛙,,,2014,8,21,,,淡水河,299510,2769869,2,
566,兩棲類,叉舌蛙科,Fejervarya limnocharis,澤蛙,,,2014,8,22,,,新店溪,303378,2767061,2,
585,兩棲類,赤蛙科,Rana guentheri,貢德氏赤蛙,,,2014,12,20,,,新店溪,299539,2768170,1,林文琪
591,兩棲類,赤蛙科,Rana latouchii,拉都希氏赤蛙,,,2014,12,20,,,新店溪,303403,2767069,5,林文琪
600,兩棲類,叉舌蛙科,Rana limnocharis  limnocharis,澤蛙,,,2015,1,21,,,新店溪,301003.886,2767204.523,15,曾威捷
823,兩棲類,樹蛙科,Kurixalus idiootocus,面天樹蛙,特有種,,2015,3,31,,,新店溪,302807.13,2767796.35,10,曾威捷
616,兩棲類,蟾蜍科,Bufo melanosticus,黑眶蟾蜍,,,2015,2,16,222,,新店溪,303003,2767669,1,林文琪
623,兩棲類,蟾蜍科,Bufo melanosticus,黑眶蟾蜍,,,2015,2,16,229,,新店溪,302646,2768057,1,林文琪
633,兩棲類,蟾蜍科,Bufo melanosticus,黑眶蟾蜍,,,2015,2,16,239,,新店溪,299640,2767586,38,林文琪
634,兩棲類,狹口蛙科,Microhyla fissipes,小雨蛙,,,2015,2,16,239,,新店溪,299640,2767586,1,林文琪
609,兩棲類,蟾蜍科,Bufo bankorensis,盤古蟾蜍,特有種,,2015,1,21,,,新店溪,304571.764,2766818.102,50,曾威捷
636,兩棲類,赤蛙科,Rana latouchii,拉都希氏赤蛙,,,2015,2,16,240,,新店溪,303732,2767011,1,林文琪
638,兩棲類,狹口蛙科,Microhyla fissipes,小雨蛙,,,2015,2,25,,,淡水河,299477.07,2769946.91,1,曾威捷
640,兩棲類,狹口蛙科,Microhyla fissipes,小雨蛙,,,2015,2,25,,,淡水河,299308.99,2769918.61,1,曾威捷
641,兩棲類,狹口蛙科,Microhyla fissipes,小雨蛙,,,2015,2,25,,,淡水河,299300.62,2769906.27,3,曾威捷
642,兩棲類,狹口蛙科,Microhyla fissipes,小雨蛙,,,2015,2,25,,,淡水河,299300.62,2769906.27,2,曾威捷
646,兩棲類,蟾蜍科,Bufo melanosticus,黑眶蟾蜍,,,2015,2,25,,,淡水河,299471.5,2769937.66,6,曾威捷
647,兩棲類,叉舌蛙科,Hoplobatrachus rugulosus,虎皮蛙,,,2015,2,25,,,淡水河,299480.02,2769906.92,1,曾威捷
648,兩棲類,蟾蜍科,Bufo melanosticus,黑眶蟾蜍,,,2015,2,25,,,淡水河,299466.01,2769906.87,4,曾威捷
649,兩棲類,蟾蜍科,Bufo melanosticus,黑眶蟾蜍,,,2015,2,25,,,淡水河,299437.95,2769912.92,3,曾威捷
650,兩棲類,蟾蜍科,Bufo melanosticus,黑眶蟾蜍,,,2015,2,25,,,淡水河,299300.76,2769869.35,9,曾威捷
651,兩棲類,狹口蛙科,Microhyla fissipes,小雨蛙,,,2015,2,25,,,淡水河,299300.76,2769869.35,2,曾威捷
652,兩棲類,蟾蜍科,Bufo melanosticus,黑眶蟾蜍,,,2015,2,25,,,淡水河,299303.4,2769912.44,1,曾威捷
653,兩棲類,狹口蛙科,Microhyla fissipes,小雨蛙,,,2015,2,25,,,淡水河,299303.4,2769912.44,3,曾威捷
654,兩棲類,蟾蜍科,Bufo melanosticus,黑眶蟾蜍,,,2015,2,25,,,淡水河,299505.42,2769860.86,59,曾威捷
655,兩棲類,狹口蛙科,Microhyla fissipes,小雨蛙,,,2015,2,25,,,淡水河,299505.42,2769860.86,1,曾威捷
657,兩棲類,蟾蜍科,Bufo melanosticus,黑眶蟾蜍,,,2015,3,19,241,,淡水河,299312,2769862,0,林文琪
660,兩棲類,蟾蜍科,Bufo melanosticus,黑眶蟾蜍,,,2015,3,19,243,,淡水河,299510,2769865,0,林文琪
661,兩棲類,蟾蜍科,Bufo melanosticus,黑眶蟾蜍,,,2015,3,19,244,,淡水河,299564,2769922,2,林文琪
681,兩棲類,蟾蜍科,Bufo melanosticus,黑眶蟾蜍,,,2015,3,20,292,,關渡水岸公園,296611,2779337,1,林文琪
683,兩棲類,狹口蛙科,Microhyla fissipes,小雨蛙,,,2015,3,30,,,新店溪,303826.2,2766738.8,1,曾威捷
685,兩棲類,蟾蜍科,Bufo melanosticus,黑眶蟾蜍,,,2015,3,30,,,新店溪,302987.49,2767557.05,150,曾威捷
686,兩棲類,蟾蜍科,Bufo melanosticus,黑眶蟾蜍,,,2015,3,30,,,新店溪,300178.8,2767401.84,20,曾威捷
687,兩棲類,狹口蛙科,Microhyla fissipes,小雨蛙,,,2015,3,30,,,新店溪,300178.8,2767401.84,20,曾威捷
688,兩棲類,狹口蛙科,Microhyla fissipes,小雨蛙,,,2015,3,30,,,新店溪,299672.19,2768091.98,6,曾威捷
689,兩棲類,狹口蛙科,Microhyla fissipes,小雨蛙,,,2015,3,30,,,新店溪,300593,2767603.36,3,曾威捷
690,兩棲類,狹口蛙科,Microhyla fissipes,小雨蛙,,,2015,3,30,,,新店溪,300671.25,2767671.34,1,曾威捷
691,兩棲類,狹口蛙科,Microhyla fissipes,小雨蛙,,,2015,3,30,,,新店溪,300215.65,2767291.21,3,曾威捷
692,兩棲類,蟾蜍科,Bufo melanosticus,黑眶蟾蜍,,,2015,3,30,,,新店溪,300215.65,2767291.21,20,曾威捷
693,兩棲類,赤蛙科,Rana latouchii,拉都希氏赤蛙,,,2015,3,30,,,新店溪,300215.65,2767291.21,7,曾威捷
694,兩棲類,狹口蛙科,Microhyla fissipes,小雨蛙,,,2015,3,30,,,新店溪,300159.56,2767297.16,4,曾威捷
695,兩棲類,狹口蛙科,Microhyla fissipes,小雨蛙,,,2015,3,30,,,新店溪,300131.52,2767297.06,90,曾威捷
696,兩棲類,蟾蜍科,Bufo melanosticus,黑眶蟾蜍,,,2015,3,30,,,新店溪,300131.52,2767297.06,30,曾威捷
697,兩棲類,狹口蛙科,Microhyla fissipes,小雨蛙,,,2015,3,30,,,新店溪,300039.01,2767293.64,4,曾威捷
698,兩棲類,狹口蛙科,Microhyla fissipes,小雨蛙,,,2015,3,30,,,新店溪,299626.23,2767467.52,1,曾威捷
699,兩棲類,狹口蛙科,Microhyla fissipes,小雨蛙,,,2015,3,30,,,新店溪,299638.65,2767907.55,4,曾威捷
700,兩棲類,狹口蛙科,Microhyla fissipes,小雨蛙,,,2015,3,30,,,新店溪,299593.18,2768076.61,1,曾威捷
701,兩棲類,狹口蛙科,Microhyla fissipes,小雨蛙,,,2015,3,30,,,新店溪,299620.69,2768221.32,1,曾威捷
702,兩棲類,狹口蛙科,Microhyla fissipes,小雨蛙,,,2015,3,30,,,新店溪,299526.09,2768024.06,8,曾威捷
703,兩棲類,狹口蛙科,Microhyla fissipes,小雨蛙,,,2015,3,30,,,新店溪,299546.52,2767802.6,1,曾威捷
704,兩棲類,狹口蛙科,Microhyla fissipes,小雨蛙,,,2015,3,30,,,新店溪,299611.4,2767692.07,10,曾威捷
705,兩棲類,狹口蛙科,Microhyla fissipes,小雨蛙,,,2015,3,30,,,新店溪,299707.1,2767587.81,10,曾威捷
706,兩棲類,狹口蛙科,Microhyla fissipes,小雨蛙,,,2015,3,30,,,新店溪,299845.02,2767440.62,20,曾威捷
707,兩棲類,狹口蛙科,Microhyla fissipes,小雨蛙,,,2015,3,30,,,新店溪,299845.29,2767366.78,5,曾威捷
708,兩棲類,狹口蛙科,Microhyla fissipes,小雨蛙,,,2015,3,30,,,新店溪,299592.44,2768282.76,3,曾威捷
709,兩棲類,叉舌蛙科,Rana limnocharis  limnocharis,澤蛙,,,2015,3,30,,,新店溪,299592.44,2768282.76,2,曾威捷
710,兩棲類,狹口蛙科,Microhyla fissipes,小雨蛙,,,2015,3,30,,,新店溪,299539.38,2768224.11,5,曾威捷
711,兩棲類,蟾蜍科,Bufo melanosticus,黑眶蟾蜍,,,2015,3,30,,,新店溪,299539.38,2768224.11,3,曾威捷
712,兩棲類,叉舌蛙科,Rana limnocharis  limnocharis,澤蛙,,,2015,3,30,,,新店溪,299539.38,2768224.11,2,曾威捷
713,兩棲類,赤蛙科,Rana latouchii,拉都希氏赤蛙,,,2015,3,30,,,新店溪,299539.38,2768224.11,1,曾威捷
714,兩棲類,赤蛙科,Rana guentheri,貢德氏赤蛙,,,2015,3,30,,,新店溪,299522.61,2768211.74,3,曾威捷
715,兩棲類,赤蛙科,Rana latouchii,拉都希氏赤蛙,,,2015,3,30,,,新店溪,299522.61,2768211.74,3,曾威捷
716,兩棲類,叉舌蛙科,Rana limnocharis  limnocharis,澤蛙,,,2015,3,30,,,新店溪,299531.32,2768128.69,1,曾威捷
717,兩棲類,狹口蛙科,Microhyla fissipes,小雨蛙,,,2015,3,30,,,新店溪,299523.26,2768030.21,3,曾威捷
718,兩棲類,蟾蜍科,Bufo melanosticus,黑眶蟾蜍,,,2015,3,30,,,新店溪,299523.26,2768030.21,1,曾威捷
719,兩棲類,狹口蛙科,Microhyla fissipes,小雨蛙,,,2015,3,30,,,新店溪,299608.68,2767670.53,25,曾威捷
720,兩棲類,蟾蜍科,Bufo melanosticus,黑眶蟾蜍,,,2015,3,30,,,新店溪,299608.68,2767670.53,2,曾威捷
721,兩棲類,狹口蛙科,Microhyla fissipes,小雨蛙,,,2015,3,30,,,新店溪,299625.61,2767639.82,10,曾威捷
722,兩棲類,蟾蜍科,Bufo melanosticus,黑眶蟾蜍,,,2015,3,30,,,新店溪,299625.61,2767639.82,2,曾威捷
723,兩棲類,蟾蜍科,Bufo melanosticus,黑眶蟾蜍,,,2015,3,30,,,新店溪,299714.88,2767763.22,1,曾威捷
724,兩棲類,蟾蜍科,Bufo melanosticus,黑眶蟾蜍,,,2015,3,30,,,新店溪,299657.49,2768126.07,3,曾威捷
725,兩棲類,狹口蛙科,Microhyla fissipes,小雨蛙,,,2015,3,30,,,新店溪,299657.49,2768126.07,1,曾威捷
726,兩棲類,狹口蛙科,Microhyla fissipes,小雨蛙,,,2015,3,30,,,新店溪,299632.05,2768181.37,3,曾威捷
727,兩棲類,狹口蛙科,Microhyla fissipes,小雨蛙,,,2015,3,30,,,新店溪,299598.81,2768070.48,2,曾威捷
728,兩棲類,蟾蜍科,Bufo melanosticus,黑眶蟾蜍,,,2015,3,30,,,新店溪,299621.54,2767987.49,1,曾威捷
729,兩棲類,狹口蛙科,Microhyla fissipes,小雨蛙,,,2015,3,30,,,新店溪,299635.86,2767904.46,3,曾威捷
730,兩棲類,狹口蛙科,Microhyla fissipes,小雨蛙,,,2015,3,30,,,新店溪,299596.8,2767852.02,3,曾威捷
731,兩棲類,叉舌蛙科,Rana limnocharis  limnocharis,澤蛙,,,2015,3,30,,,新店溪,299596.8,2767852.02,2,曾威捷
732,兩棲類,狹口蛙科,Microhyla fissipes,小雨蛙,,,2015,3,30,,,新店溪,299571.55,2767858.08,3,曾威捷
733,兩棲類,狹口蛙科,Microhyla fissipes,小雨蛙,,,2015,3,30,,,新店溪,299562.91,2767919.58,4,曾威捷
734,兩棲類,蟾蜍科,Bufo melanosticus,黑眶蟾蜍,,,2015,3,30,,,新店溪,299562.91,2767919.58,1,曾威捷
735,兩棲類,狹口蛙科,Microhyla fissipes,小雨蛙,,,2015,3,30,,,新店溪,299537.37,2768005.64,4,曾威捷
736,兩棲類,叉舌蛙科,Rana limnocharis  limnocharis,澤蛙,,,2015,3,30,,,新店溪,299912.26,2767453.17,3,曾威捷
737,兩棲類,狹口蛙科,Microhyla fissipes,小雨蛙,,,2015,3,30,,,新店溪,299900.99,2767468.52,4,曾威捷
738,兩棲類,叉舌蛙科,Rana limnocharis  limnocharis,澤蛙,,,2015,3,30,,,新店溪,299900.99,2767468.52,2,曾威捷
739,兩棲類,狹口蛙科,Microhyla fissipes,小雨蛙,,,2015,3,30,,,新店溪,299687.39,2767612.35,8,曾威捷
740,兩棲類,叉舌蛙科,Rana limnocharis  limnocharis,澤蛙,,,2015,3,30,,,新店溪,299687.39,2767612.35,1,曾威捷
741,兩棲類,狹口蛙科,Microhyla fissipes,小雨蛙,,,2015,3,30,,,新店溪,299724.03,2767560.18,12,曾威捷
742,兩棲類,蟾蜍科,Bufo melanosticus,黑眶蟾蜍,,,2015,3,30,,,新店溪,299724.03,2767560.18,50,曾威捷
743,兩棲類,狹口蛙科,Microhyla fissipes,小雨蛙,,,2015,3,30,,,新店溪,299766.26,2767511.1,3,曾威捷
744,兩棲類,狹口蛙科,Microhyla fissipes,小雨蛙,,,2015,3,30,,,新店溪,299867.51,2767422.24,6,曾威捷
745,兩棲類,狹口蛙科,Microhyla fissipes,小雨蛙,,,2015,3,30,,,新店溪,299896.04,2767286.97,5,曾威捷
746,兩棲類,狹口蛙科,Microhyla fissipes,小雨蛙,,,2015,3,30,,,新店溪,299848.6,2767228.33,1,曾威捷
747,兩棲類,狹口蛙科,Microhyla fissipes,小雨蛙,,,2015,3,30,,,新店溪,299834.54,2767237.51,2,曾威捷
748,兩棲類,狹口蛙科,Microhyla fissipes,小雨蛙,,,2015,3,30,,,新店溪,296171.16,2770243.02,1,曾威捷
749,兩棲類,叉舌蛙科,Rana limnocharis  limnocharis,澤蛙,,,2015,3,30,,,新店溪,299803.56,2767277.4,2,曾威捷
750,兩棲類,狹口蛙科,Microhyla fissipes,小雨蛙,,,2015,3,30,,,新店溪,299803.56,2767277.4,1,曾威捷
751,兩棲類,狹口蛙科,Microhyla fissipes,小雨蛙,,,2015,3,30,,,新店溪,299769.7,2767335.74,1,曾威捷
752,兩棲類,狹口蛙科,Microhyla fissipes,小雨蛙,,,2015,3,30,,,新店溪,299800.46,2767357.39,2,曾威捷
753,兩棲類,狹口蛙科,Microhyla fissipes,小雨蛙,,,2015,3,30,,,新店溪,299831.3,2767357.5,4,曾威捷
754,兩棲類,狹口蛙科,Microhyla fissipes,小雨蛙,,,2015,3,30,,,新店溪,299848.1,2767363.71,3,曾威捷
755,兩棲類,叉舌蛙科,Rana limnocharis  limnocharis,澤蛙,,,2015,3,30,,,新店溪,299848.1,2767363.71,1,曾威捷
756,兩棲類,叉舌蛙科,Rana limnocharis  limnocharis,澤蛙,,,2015,3,30,,,新店溪,299637.21,2767532.17,9,曾威捷
757,兩棲類,叉舌蛙科,Rana limnocharis  limnocharis,澤蛙,,,2015,3,30,,,新店溪,299685,2767498.5,3,曾威捷
758,兩棲類,狹口蛙科,Microhyla fissipes,小雨蛙,,,2015,3,30,,,新店溪,299685,2767498.5,1,曾威捷
759,兩棲類,蟾蜍科,Bufo melanosticus,黑眶蟾蜍,,,2015,3,30,,,新店溪,299685,2767498.5,2,曾威捷
760,兩棲類,狹口蛙科,Microhyla fissipes,小雨蛙,,,2015,3,30,,,新店溪,300176.58,2767241.84,5,曾威捷
761,兩棲類,蟾蜍科,Bufo melanosticus,黑眶蟾蜍,,,2015,3,30,,,新店溪,300176.58,2767241.84,20,曾威捷
762,兩棲類,叉舌蛙科,Rana limnocharis  limnocharis,澤蛙,,,2015,3,30,,,新店溪,300176.58,2767241.84,4,曾威捷
763,兩棲類,蟾蜍科,Bufo melanosticus,黑眶蟾蜍,,,2015,3,30,,,新店溪,300274.47,2767306.81,1,曾威捷
765,兩棲類,叉舌蛙科,Rana limnocharis  limnocharis,澤蛙,,,2015,3,30,,,新店溪,300534.36,2767538.53,3,曾威捷
766,兩棲類,叉舌蛙科,Rana limnocharis  limnocharis,澤蛙,,,2015,3,30,,,新店溪,300732.75,2767717.73,3,曾威捷
767,兩棲類,狹口蛙科,Microhyla fissipes,小雨蛙,,,2015,3,30,,,新店溪,300732.75,2767717.73,3,曾威捷
768,兩棲類,叉舌蛙科,Rana limnocharis  limnocharis,澤蛙,,,2015,3,30,,,新店溪,300704.67,2767729.93,1,曾威捷
769,兩棲類,狹口蛙科,Microhyla fissipes,小雨蛙,,,2015,3,30,,,新店溪,300676.71,2767711.36,2,曾威捷
770,兩棲類,叉舌蛙科,Rana limnocharis  limnocharis,澤蛙,,,2015,3,30,,,新店溪,300184.45,2767389.56,1,曾威捷
771,兩棲類,叉舌蛙科,Rana limnocharis  limnocharis,澤蛙,,,2015,3,30,,,新店溪,300075.45,2767296.85,2,曾威捷
772,兩棲類,狹口蛙科,Microhyla fissipes,小雨蛙,,,2015,3,30,,,新店溪,300075.45,2767296.85,5,曾威捷
773,兩棲類,蟾蜍科,Bufo melanosticus,黑眶蟾蜍,,,2015,3,30,,,新店溪,300075.45,2767296.85,300,曾威捷
774,兩棲類,狹口蛙科,Microhyla fissipes,小雨蛙,,,2015,3,30,,,新店溪,300117.51,2767293.93,7,曾威捷
775,兩棲類,叉舌蛙科,Rana limnocharis  limnocharis,澤蛙,,,2015,3,30,,,新店溪,300117.51,2767293.93,1,曾威捷
776,兩棲類,狹口蛙科,Microhyla fissipes,小雨蛙,,,2015,3,30,,,新店溪,300168,2767287.96,4,曾威捷
777,兩棲類,蟾蜍科,Bufo melanosticus,黑眶蟾蜍,,,2015,3,30,,,新店溪,300168,2767287.96,1,曾威捷
778,兩棲類,叉舌蛙科,Rana limnocharis  limnocharis,澤蛙,,,2015,3,30,,,新店溪,300168,2767287.96,1,曾威捷
779,兩棲類,狹口蛙科,Microhyla fissipes,小雨蛙,,,2015,3,30,,,新店溪,300198.83,2767291.15,4,曾威捷
780,兩棲類,叉舌蛙科,Rana limnocharis  limnocharis,澤蛙,,,2015,3,30,,,新店溪,300198.83,2767291.15,1,曾威捷
781,兩棲類,蟾蜍科,Bufo melanosticus,黑眶蟾蜍,,,2015,3,30,,,新店溪,300198.83,2767291.15,2,曾威捷
782,兩棲類,狹口蛙科,Microhyla fissipes,小雨蛙,,,2015,3,30,,,新店溪,300229.67,2767291.26,3,曾威捷
783,兩棲類,蟾蜍科,Bufo melanosticus,黑眶蟾蜍,,,2015,3,30,,,新店溪,300229.67,2767291.26,3,曾威捷
784,兩棲類,叉舌蛙科,Rana limnocharis  limnocharis,澤蛙,,,2015,3,30,,,新店溪,300268.66,2767362.17,1,曾威捷
785,兩棲類,狹口蛙科,Microhyla fissipes,小雨蛙,,,2015,3,30,,,新店溪,301246.18,2768368.85,4,曾威捷
786,兩棲類,叉舌蛙科,Rana limnocharis  limnocharis,澤蛙,,,2015,3,30,,,新店溪,301246.18,2768368.85,3,曾威捷
787,兩棲類,蟾蜍科,Bufo melanosticus,黑眶蟾蜍,,,2015,3,30,,,新店溪,301246.18,2768368.85,6,曾威捷
788,兩棲類,赤蛙科,Rana latouchii,拉都希氏赤蛙,,,2015,3,30,,,新店溪,301246.18,2768368.85,2,曾威捷
789,兩棲類,蟾蜍科,Bufo melanosticus,黑眶蟾蜍,,,2015,3,30,,,新店溪,301809.54,2768404.82,5,曾威捷
791,兩棲類,蟾蜍科,Bufo melanosticus,黑眶蟾蜍,,,2015,3,30,,,新店溪,301980.85,2768328.55,1,曾威捷
635,兩棲類,蟾蜍科,Bufo bankorensis,盤古蟾蜍,特有種,,2015,2,16,240,,新店溪,303732,2767011,1,林文琪
793,兩棲類,叉舌蛙科,Rana limnocharis  limnocharis,澤蛙,,,2015,3,31,,,新店溪,301927.06,2768466.81,1,曾威捷
794,兩棲類,狹口蛙科,Microhyla fissipes,小雨蛙,,,2015,3,31,,,新店溪,299107.8,2769739.43,1,曾威捷
795,兩棲類,狹口蛙科,Microhyla fissipes,小雨蛙,,,2015,3,31,,,新店溪,299099.51,2769708.63,1,曾威捷
797,兩棲類,狹口蛙科,Microhyla fissipes,小雨蛙,,,2015,3,31,,,新店溪,299099.54,2769699.4,8,曾威捷
798,兩棲類,叉舌蛙科,Rana limnocharis  limnocharis,澤蛙,,,2015,3,31,,,新店溪,299088.68,2769600.9,1,曾威捷
799,兩棲類,狹口蛙科,Microhyla fissipes,小雨蛙,,,2015,3,31,,,新店溪,299089.09,2769487.06,1,曾威捷
800,兩棲類,狹口蛙科,Microhyla fissipes,小雨蛙,,,2015,3,31,,,新店溪,299178.37,2769604.3,5,曾威捷
801,兩棲類,狹口蛙科,Microhyla fissipes,小雨蛙,,,2015,3,31,,,新店溪,299194.96,2769668.98,1,曾威捷
802,兩棲類,狹口蛙科,Microhyla fissipes,小雨蛙,,,2015,3,31,,,新店溪,299357.45,2769694.18,3,曾威捷
803,兩棲類,蟾蜍科,Bufo melanosticus,黑眶蟾蜍,,,2015,3,31,,,新店溪,299292.77,2769752.4,1,曾威捷
804,兩棲類,狹口蛙科,Microhyla fissipes,小雨蛙,,,2015,3,31,,,新店溪,299530.49,2768356.38,10,曾威捷
837,兩棲類,蟾蜍科,Bufo bankorensis,盤古蟾蜍,特有種,,2015,3,31,,,新店溪,303800.7,2766806.4,1,曾威捷
816,兩棲類,赤蛙科,Rana guentheri,貢德氏赤蛙,,,2015,3,31,,,新店溪,302832.69,2767713.37,2,曾威捷
817,兩棲類,蟾蜍科,Bufo melanosticus,黑眶蟾蜍,,,2015,3,31,,,新店溪,302832.69,2767713.37,1,曾威捷
818,兩棲類,狹口蛙科,Microhyla fissipes,小雨蛙,,,2015,3,31,,,新店溪,302818.6,2767731.78,3,曾威捷
889,兩棲類,蟾蜍科,Bufo melanosticus,盤古蟾蜍,特有種,,2015,4,23,329,,新店溪,302026,2768466,1,林文琪
820,兩棲類,狹口蛙科,Microhyla fissipes,小雨蛙,,,2015,3,31,,,新店溪,302798.84,2767765.55,5,曾威捷
821,兩棲類,蟾蜍科,Bufo melanosticus,黑眶蟾蜍,,,2015,3,31,,,新店溪,302798.84,2767765.55,2,曾威捷
822,兩棲類,叉舌蛙科,Rana limnocharis  limnocharis,澤蛙,,,2015,3,31,,,新店溪,302798.84,2767765.55,2,曾威捷
138,兩棲類,樹蛙科,Buergeria robusta,褐樹蛙,特有種,,2014,6,12,2027,福和橋-華中橋,新店溪,300359,2767517,1,
824,兩棲類,赤蛙科,Rana latouchii,拉都希氏赤蛙,,,2015,3,31,,,新店溪,302779.11,2767793.16,1,曾威捷
825,兩棲類,赤蛙科,Rana guentheri,貢德氏赤蛙,,,2015,3,31,,,新店溪,302779.11,2767793.16,1,曾威捷
826,兩棲類,狹口蛙科,Microhyla fissipes,小雨蛙,,,2015,3,31,,,新店溪,302965.03,2767566.19,3,曾威捷
829,兩棲類,蟾蜍科,Bufo melanosticus,黑眶蟾蜍,,,2015,3,31,,,新店溪,303823.54,2766701.87,2,曾威捷
830,兩棲類,蟾蜍科,Bufo melanosticus,黑眶蟾蜍,,,2015,3,31,,,新店溪,303815.04,2766726.45,2,曾威捷
831,兩棲類,狹口蛙科,Microhyla fissipes,小雨蛙,,,2015,3,31,,,新店溪,303815.04,2766726.45,1,曾威捷
832,兩棲類,蟾蜍科,Bufo melanosticus,黑眶蟾蜍,,,2015,3,31,,,新店溪,303809.32,2766754.12,9,曾威捷
833,兩棲類,蟾蜍科,Bufo melanosticus,黑眶蟾蜍,,,2015,3,31,,,新店溪,303803.65,2766769.48,20,曾威捷
834,兩棲類,叉舌蛙科,Rana limnocharis  limnocharis,澤蛙,,,2015,3,31,,,新店溪,303803.65,2766769.48,2,曾威捷
835,兩棲類,叉舌蛙科,Rana limnocharis  limnocharis,澤蛙,,,2015,3,31,,,新店溪,303814.89,2766763.38,1,曾威捷
836,兩棲類,蟾蜍科,Bufo melanosticus,黑眶蟾蜍,,,2015,3,31,,,新店溪,303800.7,2766806.4,1,曾威捷
157,兩棲類,樹蛙科,Buergeria robusta,褐樹蛙,特有種,,2014,6,12,2117,福和橋-華中橋,新店溪,303224,2767182,2,
838,兩棲類,蟾蜍科,Bufo melanosticus,黑眶蟾蜍,,,2015,4,1,,,新店溪,303792.22,2766824.82,1,曾威捷
839,兩棲類,蟾蜍科,Bufo melanosticus,黑眶蟾蜍,,,2015,4,1,,,新店溪,303789.15,2766892.5,1,曾威捷
840,兩棲類,叉舌蛙科,Rana limnocharis  limnocharis,澤蛙,,,2015,4,1,,,新店溪,303774.89,2766953.98,9,曾威捷
841,兩棲類,蟾蜍科,Bufo melanosticus,黑眶蟾蜍,,,2015,4,1,,,新店溪,303774.89,2766953.98,3,曾威捷
842,兩棲類,赤蛙科,Rana latouchii,拉都希氏赤蛙,,,2015,4,1,,,新店溪,303741.03,2767009.23,2,曾威捷
844,兩棲類,狹口蛙科,Microhyla fissipes,小雨蛙,,,2015,3,31,295,,淡水河,299456,2769989,0,林文琪
845,兩棲類,狹口蛙科,Microhyla fissipes,小雨蛙,,,2015,3,31,297,,淡水河,299314,2769887,0,林文琪
847,兩棲類,狹口蛙科,Microhyla fissipes,小雨蛙,,,2015,3,31,299,,淡水河,299512,2769870,0,林文琪
851,兩棲類,蟾蜍科,Bufo melanosticus,黑眶蟾蜍,,,2015,3,31,302,,淡水河,299546,2770051,1,林文琪
868,兩棲類,狹口蛙科,Microhyla fissipes,小雨蛙,,,2015,4,23,314,,新店溪,300189,2767295,1,林文琪
870,兩棲類,狹口蛙科,Microhyla fissipes,小雨蛙,,,2015,4,23,316,,新店溪,303827,2766696,2,林文琪
871,兩棲類,蟾蜍科,Bufo melanosticus,黑眶蟾蜍,,,2015,4,23,317,,新店溪,303827,2766696,1,林文琪
872,兩棲類,蟾蜍科,Bufo melanosticus,黑眶蟾蜍,,,2015,4,23,318,,新店溪,303739,2766807,1,林文琪
873,兩棲類,蟾蜍科,Bufo melanosticus,黑眶蟾蜍,,,2015,4,23,319,,新店溪,303770,2766947,2,林文琪
874,兩棲類,狹口蛙科,Microhyla fissipes,小雨蛙,,,2015,4,23,320,,新店溪,303747,2767006,6,林文琪
875,兩棲類,赤蛙科,Rana guentheri,貢德氏赤蛙,,,2015,4,23,320,,新店溪,303747,2767006,3,林文琪
876,兩棲類,叉舌蛙科,Fejervarya limnocharis,澤蛙,,,2015,4,23,321,,新店溪,303747,2767005,3,林文琪
877,兩棲類,狹口蛙科,Microhyla fissipes,小雨蛙,,,2015,4,23,321,,新店溪,303747,2767005,2,林文琪
165,兩棲類,樹蛙科,Buergeria robusta,褐樹蛙,特有種,,2014,6,12,2131,福和橋-華中橋,新店溪,303775,2767042,1,
879,兩棲類,樹蛙科,Polypedates megacephalus,斑腿樹蛙,,外來種,2015,4,23,322,,新店溪,303402,2767034,3,林文琪
880,兩棲類,蟾蜍科,Bufo melanosticus,黑眶蟾蜍,,,2015,4,23,323,,新店溪,302983,2767547,5,林文琪
881,兩棲類,狹口蛙科,Microhyla fissipes,小雨蛙,,,2015,4,23,324,,新店溪,302983,2767547,6,林文琪
882,兩棲類,蟾蜍科,Bufo melanosticus,黑眶蟾蜍,,,2015,4,23,324,,新店溪,302983,2767547,2,林文琪
244,兩棲類,樹蛙科,Buergeria robusta,褐樹蛙,特有種,,2014,7,2,2046,福和橋-華中橋,新店溪,302707,2768064,1,
892,兩棲類,狹口蛙科,Microhyla fissipes,小雨蛙,,,2015,4,23,332,,新店溪,300714,2767735,1,林文琪
893,兩棲類,蟾蜍科,Bufo melanosticus,黑眶蟾蜍,,,2015,4,23,332,,新店溪,300714,2767735,1,林文琪
894,兩棲類,蟾蜍科,Bufo melanosticus,黑眶蟾蜍,,,2015,4,23,333,,新店溪,300695,2767723,2,林文琪
895,兩棲類,蟾蜍科,Bufo melanosticus,黑眶蟾蜍,,,2015,4,23,335,,新店溪,300672,2767709,4,林文琪
896,兩棲類,蟾蜍科,Bufo melanosticus,黑眶蟾蜍,,,2015,4,23,336,,新店溪,300292,2767386,1,林文琪
897,兩棲類,狹口蛙科,Microhyla fissipes,小雨蛙,,,2015,4,23,336,,新店溪,300292,2767386,1,林文琪
898,兩棲類,蟾蜍科,Bufo melanosticus,黑眶蟾蜍,,,2015,4,23,337,,新店溪,300229,2767293,6,林文琪
899,兩棲類,狹口蛙科,Microhyla fissipes,小雨蛙,,,2015,4,23,337,,新店溪,300229,2767293,6,林文琪
900,兩棲類,狹口蛙科,Microhyla fissipes,小雨蛙,,,2015,4,23,338,,新店溪,300171,2767283,0,林文琪
901,兩棲類,狹口蛙科,Microhyla fissipes,小雨蛙,,,2015,4,23,339,,新店溪,300148,2767291,2,林文琪
902,兩棲類,狹口蛙科,Microhyla fissipes,小雨蛙,,,2015,4,23,340,,新店溪,300148,2767291,13,林文琪
903,兩棲類,蟾蜍科,Bufo melanosticus,黑眶蟾蜍,,,2015,4,23,340,,新店溪,300148,2767291,1,林文琪
904,兩棲類,狹口蛙科,Microhyla fissipes,小雨蛙,,,2015,4,23,341,,新店溪,300126,2767294,1,林文琪
905,兩棲類,狹口蛙科,Microhyla fissipes,小雨蛙,,,2015,4,23,342,,新店溪,299870,2767419,6,林文琪
906,兩棲類,蟾蜍科,Bufo melanosticus,黑眶蟾蜍,,,2015,4,23,343,,新店溪,299874,2767395,8,林文琪
907,兩棲類,狹口蛙科,Microhyla fissipes,小雨蛙,,,2015,4,23,343,,新店溪,299874,2767395,2,林文琪
908,兩棲類,狹口蛙科,Microhyla fissipes,小雨蛙,,,2015,4,23,344,,新店溪,299729,2767560,4,林文琪
909,兩棲類,蟾蜍科,Bufo melanosticus,黑眶蟾蜍,,,2015,4,23,351,,新店溪,299747,2767596,3,林文琪
910,兩棲類,蟾蜍科,Bufo melanosticus,黑眶蟾蜍,,,2015,4,23,352,,新店溪,299687,2767621,1,林文琪
911,兩棲類,狹口蛙科,Microhyla fissipes,小雨蛙,,,2015,4,23,352,,新店溪,299687,2767621,2,林文琪
912,兩棲類,赤蛙科,Rana guentheri,貢德氏赤蛙,,,2015,4,23,353,,新店溪,299539,2768208,3,林文琪
913,兩棲類,蟾蜍科,Bufo melanosticus,黑眶蟾蜍,,,2015,4,23,354,,新店溪,299368,2769682,3,林文琪
914,兩棲類,狹口蛙科,Microhyla fissipes,小雨蛙,,,2015,4,23,354,,新店溪,299368,2769682,6,林文琪
924,兩棲類,蟾蜍科,Bufo melanosticus,黑眶蟾蜍,,,2015,4,27,,,關渡水岸公園,296548.95,2779456.39,1,曾威捷
927,兩棲類,赤蛙科,Rana guentheri,貢德氏赤蛙,,,2015,4,28,,,淡水河,299297.93,2769875.5,1,曾威捷
933,兩棲類,狹口蛙科,Microhyla fissipes,小雨蛙,,,2015,4,28,,,淡水河,299300.74,2769872.43,6,曾威捷
934,兩棲類,赤蛙科,Rana guentheri,貢德氏赤蛙,,,2015,4,28,,,淡水河,299300.74,2769872.43,1,曾威捷
935,兩棲類,赤蛙科,Rana guentheri,貢德氏赤蛙,,,2015,4,28,,,淡水河,299314.76,2769872.48,1,曾威捷
936,兩棲類,蟾蜍科,Bufo melanosticus,黑眶蟾蜍,,,2015,4,28,,,淡水河,299485.58,2769919.25,1,曾威捷
937,兩棲類,蟾蜍科,Bufo melanosticus,黑眶蟾蜍,,,2015,4,28,,,淡水河,299482.7,2769940.78,1,曾威捷
938,兩棲類,蟾蜍科,Bufo melanosticus,黑眶蟾蜍,,,2015,4,28,,,淡水河,299435.23,2769891.38,2,曾威捷
939,兩棲類,蟾蜍科,Bufo melanosticus,黑眶蟾蜍,,,2015,4,28,,,淡水河,299421.18,2769900.56,4,曾威捷
940,兩棲類,蟾蜍科,Bufo melanosticus,黑眶蟾蜍,,,2015,4,28,,,淡水河,299443.66,2769885.25,4,曾威捷
941,兩棲類,蟾蜍科,Bufo melanosticus,黑眶蟾蜍,,,2015,4,28,,,淡水河,299497.01,2769860.83,1,曾威捷
942,兩棲類,蟾蜍科,Bufo melanosticus,黑眶蟾蜍,,,2015,4,28,,,淡水河,299566.47,2770030.31,3,曾威捷
943,兩棲類,蟾蜍科,Bufo melanosticus,黑眶蟾蜍,,,2015,4,28,,,淡水河,299597.54,2769965.81,1,曾威捷
